Store_Name,Latitude,Longitude,Address,Type,Max_Capacity,Current_Stock,Fill_Percentage,Distance_to_CroixRouge,Estimated_Pickup_Time,Priority_Level,Connected_Stores,Distance_to_Next
O BONHEUR DES SAVEURS,50.948596,1.853902,"33 Boulevard Jacquard, 62100 Calais",Point Relais,5000.0,1459.0,29.18,0.4286433430356566,30,Low,HEXOS MINIATURES;ICE MARKET CALAIS;LA PASSION DE BENE;Calais Vins;La Poste COULOGNE;Croix-Rouge Calais,0.14;1.63;2.66;1.4;2.9;0.43
HEXOS MINIATURES,50.947532,1.854942,"13 Boulevard Lafayette, 62100 Calais",Point Relais,10000.0,6679.0,66.79,0.31800756261115576,20,Medium,O BONHEUR DES SAVEURS;ICE MARKET CALAIS;LA PASSION DE BENE;Calais Vins;La Poste COULOGNE;Croix-Rouge Calais,0.14;1.65;2.52;1.26;2.76;0.32
ICE MARKET CALAIS,50.957499,1.872397,"83 Rue Mollien, 62100 Calais",Point Relais,15000.0,5849.0,38.99333333333333,1.4974625653367193,30,Low,O BONHEUR DES SAVEURS;HEXOS MINIATURES;Calais Vins;Relais Pickup FULLSTOCK;Croix-Rouge Calais,1.63;1.65;2.29;2.23;1.5
LA PASSION DE BENE,50.92644,1.86806,"5 Chemin des Regniers, 62137 Coulogne",Point Relais,15000.0,11766.0,78.44,2.348518995644994,20,Medium,O BONHEUR DES SAVEURS;HEXOS MINIATURES;Calais Vins;La Poste COULOGNE;La Poste Relais COULOGNE CARREFOUR EXPRESS;Croix-Rouge Calais,2.66;2.52;1.28;0.56;1.34;2.35
COCCIMARKET MARCK,50.95436,1.92702,"319 Rue des Tourterelles, 62730 Marck",Supermarket,10000.0,9015.0,90.14999999999999,4.814121000361432,5,High,LE CONCORDE MARCK;CREADELENA MARCK;Relais Pickup FULLSTOCK,2.02;2.43;1.77
LE CONCORDE MARCK,50.94744,1.95366,"172 Avenue François Mitterrand, 62730 Marck",Point Relais,5000.0,2344.0,46.88,6.607842051871288,30,Low,COCCIMARKET MARCK;CREADELENA MARCK,2.02;0.42
CREADELENA MARCK,50.946523,1.959415,"592 Avenue François Mitterrand, 62730 Marck",Point Relais,5000.0,232.0,4.64,7.010831027109025,30,Low,COCCIMARKET MARCK;LE CONCORDE MARCK,2.43;0.42
LE COLVERT,50.981936,1.966545,"670 Rue Robelin, 62730 Marck",Point Relais,10000.0,4719.0,47.19,8.461425447994351,30,Low,,
Calais Vins,50.937618,1.86378,"Rue Gutenberg, 62100 Calais",Caviste,15000.0,6338.0,42.25333333333333,1.0708696089431302,30,Low,O BONHEUR DES SAVEURS;HEXOS MINIATURES;ICE MARKET CALAIS;LA PASSION DE BENE;La Poste COULOGNE;La Poste Relais COULOGNE CARREFOUR EXPRESS;Croix-Rouge Calais,1.4;1.26;2.29;1.28;1.5;2.16;1.07
La Poste COULOGNE,50.92659,1.87604,"4 Rue Gelle Way, 62137 Coulogne",Bureau de Poste,10000.0,9765.0,97.65,2.536906994940664,5,High,O BONHEUR DES SAVEURS;HEXOS MINIATURES;LA PASSION DE BENE;Calais Vins;La Poste Relais COULOGNE CARREFOUR EXPRESS;Croix-Rouge Calais,2.9;2.76;0.56;1.5;0.8;2.54
La Poste Relais COULOGNE CARREFOUR EXPRESS,50.924807,1.887034,"Place de l'Église, 62137 Coulogne",Bureau de Poste,5000.0,1067.0,21.34,3.1247407098751063,30,Low,LA PASSION DE BENE;Calais Vins;La Poste COULOGNE,1.34;2.16;0.8
Relais Pickup FULLSTOCK,50.950786,1.902359,"77 Rue Henri Guillaumet, 62100 Calais",Point Relais,15000.0,8596.0,57.30666666666666,3.0452680631492584,30,Low,ICE MARKET CALAIS;COCCIMARKET MARCK,2.23;1.77
Croix-Rouge Calais,50.946834,1.859344,"57 Rue Magenta, 62100 Calais, France",Central Unit,,,,0.0,30,Low,O BONHEUR DES SAVEURS;HEXOS MINIATURES;ICE MARKET CALAIS;LA PASSION DE BENE;Calais Vins;La Poste COULOGNE,0.43;0.32;1.5;2.35;1.07;2.54
